project_id,project_type,district,apply_date,estimated_cost,area_sqm,status,actual_cost,issue_date
P0001,工业,番禺区,2024-03-30,35010000,18685,审批中,\N,\N
P0002,仓储,番禺区,2023-06-09,45070000,13177,已签发,42346959.0,2023-09-27
P0003,市政,番禺区,2024-06-06,45860000,20074,已驳回,\N,\N
P0004,仓储,番禺区,2024-10-11,21900000,7874,已签发,21127017.0,2024-12-07
P0005,仓储,海珠区,2024-08-12,16940000,29238,审批中,\N,\N
P0006,商业,海珠区,2023-03-18,28500000,29515,已驳回,\N,\N
P0007,市政,白云区,2024-05-23,1910000,3876,已签发,2046224.0,2024-07-30
P0008,市政,天河区,2024-03-16,15050000,2626,审批中,\N,\N
P0009,市政,番禺区,2023-09-11,48460000,24673,已签发,58729079.0,2023-12-28
P0010,仓储,白云区,2023-11-16,21460000,3162,已签发,27662868.0,2024-01-22
P0011,工业,天河区,2023-09-20,13750000,30143,已签发,18238980.0,2024-01-10
P0012,市政,黄埔区,2024-08-19,12630000,1059,已签发,15963184.0,2024-10-25
P0013,仓储,海珠区,2024-10-19,12090000,45016,审批中,\N,\N
P0014,商业,天河区,2024-07-07,47000000,4338,已驳回,\N,\N
P0015,工业,黄埔区,2024-01-09,45490000,35392,审批中,\N,\N
P0016,商业,天河区,2024-09-28,47470000,25840,已驳回,\N,\N
P0017,工业,海珠区,2023-06-16,3900000,10609,已驳回,\N,\N
P0018,仓储,海珠区,2024-04-03,38780000,4217,已签发,38486618.0,2024-07-22
P0019,住宅,白云区,2023-10-07,20180000,10651,已签发,22953894.0,2024-01-06
P0020,工业,番禺区,2024-11-30,7530000,28527,已签发,7286533.0,2024-12-25
P0021,商业,天河区,2023-10-29,44630000,10478,审批中,\N,\N
P0022,仓储,天河区,2024-06-14,24790000,25144,已驳回,\N,\N
P0023,工业,黄埔区,2024-08-02,18500000,43964,已签发,19224931.0,2024-09-09
P0024,住宅,海珠区,2023-08-06,49620000,1334,审批中,\N,\N
P0025,住宅,天河区,2023-04-12,46980000,30331,审批中,\N,\N
P0026,市政,海珠区,2024-07-07,9050000,38087,已签发,10143208.0,2024-07-28
P0027,市政,天河区,2023-10-15,18620000,38662,已签发,24490082.0,2024-01-31
P0028,商业,白云区,2023-06-16,29160000,22720,已签发,29029619.0,2023-06-30
P0029,工业,番禺区,2024-09-12,36920000,22069,已签发,50669944.0,2024-12-11
P0030,工业,天河区,2023-02-05,2320000,37132,已签发,2025656.0,2023-05-31
P0031,市政,海珠区,2023-12-19,31620000,5239,已签发,25642714.0,2024-01-29
P0032,工业,白云区,2024-11-06,45420000,21481,已签发,60975496.0,2025-01-28
P0033,工业,天河区,2023-03-14,15670000,47599,已签发,13181434.0,2023-05-05
P0034,住宅,黄埔区,2024-10-09,14060000,10642,已驳回,\N,\N
P0035,市政,番禺区,2023-12-19,22240000,8452,已签发,30487439.0,2024-03-06
P0036,仓储,天河区,2023-03-11,36790000,27786,审批中,\N,\N
P0037,市政,白云区,2024-02-29,36780000,17768,已签发,41287417.0,2024-06-23
P0038,仓储,黄埔区,2024-12-08,41460000,21010,已签发,37768077.0,2024-12-26
P0039,住宅,白云区,2024-07-14,32890000,1751,已驳回,\N,\N
P0040,商业,白云区,2024-10-03,37410000,12825,已签发,31306748.0,2024-11-14
P0041,工业,黄埔区,2024-05-31,680000,34597,已签发,635361.0,2024-09-17
P0042,住宅,白云区,2024-03-03,34530000,26449,审批中,\N,\N
P0043,工业,黄埔区,2024-06-22,47290000,1561,已签发,50278184.0,2024-07-19
P0044,商业,天河区,2023-06-09,46010000,26349,已签发,63792761.0,2023-06-27
P0045,商业,黄埔区,2023-05-29,30540000,4570,已签发,39235330.0,2023-08-08
P0046,住宅,黄埔区,2023-08-18,11820000,5483,已签发,14685711.0,2023-10-23
P0047,商业,番禺区,2024-12-12,33890000,7810,已签发,38032198.0,2025-01-19
P0048,仓储,黄埔区,2024-07-15,33610000,43526,已签发,43827394.0,2024-10-10
P0049,商业,黄埔区,2023-03-08,34220000,15124,已驳回,\N,\N
P0050,工业,天河区,2024-01-16,10370000,47807,审批中,\N,\N
P0051,工业,番禺区,2023-02-27,33710000,44917,审批中,\N,\N
P0052,工业,海珠区,2023-09-16,46650000,10826,审批中,\N,\N
P0053,工业,天河区,2023-12-08,2230000,34961,已驳回,\N,\N
P0054,仓储,天河区,2023-05-10,37910000,1069,已签发,49532785.0,2023-08-06
P0055,市政,海珠区,2024-12-27,31020000,31752,已驳回,\N,\N
P0056,住宅,黄埔区,2023-06-21,7760000,1214,审批中,\N,\N
P0057,工业,白云区,2024-09-05,38100000,10303,审批中,\N,\N
P0058,商业,番禺区,2023-07-28,19250000,17186,已签发,19168558.0,2023-10-02
P0059,工业,白云区,2023-12-20,40830000,44981,已签发,33172530.0,2024-02-16
P0060,商业,海珠区,2024-04-15,10390000,30671,已签发,13055363.0,2024-06-07
P0061,商业,天河区,2023-04-26,37940000,33658,审批中,\N,\N
P0062,工业,天河区,2023-09-21,27360000,25269,已签发,36082133.0,2023-12-19
P0063,仓储,番禺区,2024-10-23,4690000,17073,审批中,\N,\N
P0064,商业,天河区,2024-03-17,6430000,23448,已签发,5807099.0,2024-04-09
P0065,商业,天河区,2024-07-01,18240000,23824,已签发,19807105.0,2024-07-13
P0066,工业,番禺区,2024-03-28,25090000,43716,已签发,31180051.0,2024-06-07
P0067,商业,番禺区,2024-04-21,9850000,29261,已签发,8701503.0,2024-08-14
P0068,商业,海珠区,2023-10-14,38580000,24370,已签发,41050765.0,2023-12-26
P0069,工业,天河区,2023-10-30,3810000,8224,已签发,4151798.0,2024-02-18
P0070,工业,天河区,2023-11-07,34990000,16878,已过期,\N,\N
P0071,住宅,海珠区,2023-07-27,27520000,38456,已签发,23924099.0,2023-11-19
P0072,仓储,黄埔区,2024-09-09,40560000,20611,已签发,52803139.0,2024-12-09
P0073,仓储,黄埔区,2024-03-21,39180000,44003,审批中,\N,\N
P0074,商业,黄埔区,2024-10-31,42500000,19496,已驳回,\N,\N
P0075,仓储,海珠区,2024-09-24,2510000,26493,审批中,\N,\N
P0076,商业,天河区,2023-02-24,25470000,27372,已签发,35364490.0,2023-06-02
P0077,住宅,海珠区,2023-01-12,18920000,21328,已驳回,\N,\N
P0078,工业,海珠区,2024-10-18,19160000,18457,审批中,\N,\N
P0079,工业,黄埔区,2024-02-04,20460000,13055,已签发,27151433.0,2024-04-30
P0080,工业,白云区,2024-10-09,9590000,19842,已签发,13152781.0,2024-12-25
P0081,仓储,天河区,2024-05-29,43550000,35785,已签发,54556049.0,2024-08-24
P0082,住宅,黄埔区,2024-10-17,47080000,20225,已签发,50247154.0,2025-01-31
P0083,仓储,白云区,2024-06-25,32390000,4658,已驳回,\N,\N
P0084,仓储,白云区,2023-08-25,8200000,5507,已签发,10008601.0,2023-10-25
P0085,住宅,番禺区,2023-10-06,32050000,41901,已驳回,\N,\N
P0086,住宅,天河区,2023-12-14,25510000,18625,已签发,27252858.0,2023-12-31
P0087,住宅,白云区,2024-09-18,27640000,43627,已签发,35873755.0,2024-11-10
P0088,住宅,黄埔区,2023-04-14,47740000,28473,已签发,56945952.0,2023-07-30
P0089,工业,番禺区,2024-09-21,36350000,38706,已签发,38048360.0,2025-01-16
P0090,市政,天河区,2024-05-31,16780000,5868,审批中,\N,\N
P0091,市政,海珠区,2023-09-05,4360000,26134,审批中,\N,\N
P0092,住宅,黄埔区,2023-12-30,34710000,47395,已签发,36129589.0,2024-02-08
P0093,市政,白云区,2023-11-17,40580000,7897,已签发,51775093.0,2024-01-10
P0094,市政,白云区,2024-09-24,41430000,24617,已签发,38625407.0,2024-10-12
P0095,住宅,黄埔区,2023-10-13,44130000,16646,审批中,\N,\N
P0096,市政,白云区,2023-05-29,25160000,40797,已签发,34481558.0,2023-07-09
P0097,仓储,番禺区,2023-03-25,23320000,10951,已签发,21592887.0,2023-05-06
P0098,商业,天河区,2024-02-10,19060000,46418,审批中,\N,\N
P0099,商业,番禺区,2024-03-31,20480000,7552,已驳回,\N,\N
P0100,住宅,白云区,2023-06-10,12860000,13716,已签发,15957011.0,2023-09-03
P0101,工业,海珠区,2024-04-04,47190000,23499,已签发,57560376.0,2024-05-12
P0102,住宅,天河区,2024-07-03,41940000,32157,审批中,\N,\N
P0103,工业,天河区,2024-05-14,12000000,29127,审批中,\N,\N
P0104,商业,黄埔区,2024-05-23,43680000,41294,已签发,53445701.0,2024-07-28
P0105,住宅,黄埔区,2024-10-15,14810000,36612,已驳回,\N,\N
P0106,仓储,海珠区,2024-04-25,18690000,29693,已驳回,\N,\N
P0107,市政,天河区,2024-10-24,23740000,26911,已签发,26229970.0,2024-11-28
P0108,工业,海珠区,2023-04-24,11800000,8203,已签发,13831308.0,2023-05-05
P0109,市政,黄埔区,2024-07-31,27080000,31907,已签发,29426354.0,2024-10-10
P0110,市政,黄埔区,2023-12-27,35500000,3478,审批中,\N,\N
P0111,住宅,天河区,2023-12-07,4240000,7496,已签发,5345715.0,2024-01-31
P0112,市政,番禺区,2024-03-24,21700000,25598,审批中,\N,\N
P0113,仓储,白云区,2023-06-29,40700000,36042,审批中,\N,\N
P0114,市政,黄埔区,2024-12-02,20710000,13461,已签发,22163210.0,2025-01-31
P0115,住宅,黄埔区,2024-02-11,37550000,11373,审批中,\N,\N
P0116,仓储,番禺区,2024-10-27,33090000,30649,已驳回,\N,\N
P0117,商业,番禺区,2023-07-15,34850000,41280,已签发,45150424.0,2023-09-06
P0118,市政,海珠区,2024-04-10,19390000,1837,已签发,23615795.0,2024-05-24
P0119,住宅,海珠区,2023-11-07,18730000,31981,已签发,25368732.0,2024-01-10
P0120,商业,白云区,2023-09-19,15240000,13852,已驳回,\N,\N
P0121,商业,白云区,2024-02-23,22920000,5303,已过期,\N,\N
P0122,工业,天河区,2024-02-10,32930000,25700,已签发,39609641.0,2024-02-21
P0123,仓储,海珠区,2023-05-23,31840000,49996,审批中,\N,\N
P0124,市政,黄埔区,2023-12-08,21200000,35000,已签发,24835817.0,2024-01-27
P0125,住宅,海珠区,2023-11-12,4090000,35729,已签发,5296076.0,2024-01-04
P0126,工业,黄埔区,2023-04-11,20910000,48163,已签发,25369816.0,2023-06-23
P0127,仓储,番禺区,2023-09-01,11910000,18652,已签发,13472137.0,2023-10-11
P0128,工业,海珠区,2024-05-04,16850000,49593,已签发,15924984.0,2024-08-29
P0129,仓储,番禺区,2023-01-12,40500000,31374,已签发,42751739.0,2023-03-09
P0130,仓储,白云区,2023-08-27,19930000,35636,已签发,27516268.0,2023-09-07
P0131,市政,白云区,2024-07-14,48240000,47606,已驳回,\N,\N
P0132,仓储,天河区,2023-02-11,34110000,16154,已签发,38838915.0,2023-05-13
P0133,工业,海珠区,2024-11-08,30300000,17386,已签发,41201151.0,2025-02-02
P0134,仓储,番禺区,2024-08-16,560000,12556,已签发,645067.0,2024-12-13
P0135,市政,黄埔区,2024-03-04,33170000,33163,审批中,\N,\N
P0136,市政,白云区,2023-06-07,16410000,2387,已签发,20604174.0,2023-08-13
P0137,工业,白云区,2023-08-04,49780000,11907,已签发,61109896.0,2023-11-27
P0138,商业,黄埔区,2024-10-31,33140000,35298,已过期,\N,\N
P0139,商业,番禺区,2024-04-06,26560000,27135,已签发,28758768.0,2024-06-28
P0140,仓储,番禺区,2023-05-14,32690000,21425,已签发,35419917.0,2023-07-18
P0141,住宅,海珠区,2023-03-08,33230000,3806,已驳回,\N,\N
P0142,仓储,海珠区,2023-01-07,9630000,33028,已签发,10692921.0,2023-04-15
P0143,工业,天河区,2024-06-09,20610000,26689,已签发,21596486.0,2024-07-22
P0144,工业,白云区,2023-03-14,14920000,14587,已签发,13720540.0,2023-07-02
P0145,工业,海珠区,2024-02-03,31040000,4127,已签发,32511913.0,2024-03-13
P0146,工业,番禺区,2024-02-09,35960000,6496,已签发,30327447.0,2024-04-29
P0147,工业,黄埔区,2024-11-05,42710000,30644,已签发,48923088.0,2025-01-23
P0148,市政,番禺区,2024-07-31,49620000,46590,已签发,65111003.0,2024-10-03
P0149,商业,白云区,2023-05-10,29780000,47093,已签发,36783429.0,2023-07-25
P0150,工业,番禺区,2024-04-10,18790000,2791,审批中,\N,\N
P0151,住宅,天河区,2023-07-25,6250000,45095,已签发,5326517.0,2023-08-06
P0152,住宅,白云区,2023-09-23,9790000,48716,已签发,9019425.0,2023-10-28
P0153,住宅,黄埔区,2024-06-20,38090000,26347,已驳回,\N,\N
P0154,住宅,天河区,2023-09-10,37490000,39089,审批中,\N,\N
P0155,市政,白云区,2023-10-16,15130000,1400,已签发,17042187.0,2023-12-17
P0156,住宅,黄埔区,2023-06-13,33250000,15921,已驳回,\N,\N
P0157,工业,天河区,2023-04-05,49780000,19438,已签发,65179658.0,2023-05-27
P0158,仓储,天河区,2023-04-20,11040000,11287,已签发,11463526.0,2023-06-28
P0159,住宅,白云区,2023-12-02,19500000,31016,审批中,\N,\N
P0160,市政,海珠区,2023-08-26,15070000,23608,已签发,19401053.0,2023-10-23
P0161,市政,天河区,2024-01-16,14490000,39940,已签发,14572641.0,2024-03-07
P0162,住宅,天河区,2024-03-11,34650000,336,已签发,30037829.0,2024-06-04
P0163,仓储,黄埔区,2024-04-27,4920000,17613,已签发,5619848.0,2024-08-14
P0164,住宅,番禺区,2023-01-25,37000000,48314,已签发,42510725.0,2023-04-10
P0165,市政,白云区,2024-10-14,47020000,19178,已驳回,\N,\N
P0166,商业,白云区,2023-04-27,12280000,861,已签发,11593936.0,2023-08-17
P0167,工业,海珠区,2024-04-26,45080000,35440,已驳回,\N,\N
P0168,市政,海珠区,2024-01-27,13070000,27453,已签发,12670329.0,2024-05-05
P0169,住宅,白云区,2024-06-20,36840000,27084,已驳回,\N,\N
P0170,工业,海珠区,2023-03-20,18910000,33054,审批中,\N,\N
P0171,住宅,黄埔区,2024-08-02,23590000,10904,审批中,\N,\N
P0172,住宅,白云区,2023-06-22,9600000,39187,已签发,9416427.0,2023-10-13
P0173,商业,海珠区,2023-01-12,43900000,24727,已签发,50907484.0,2023-03-14
P0174,工业,白云区,2023-05-08,46870000,16522,已签发,43155940.0,2023-07-02
P0175,工业,番禺区,2024-08-30,40590000,47717,已驳回,\N,\N
P0176,商业,天河区,2023-04-02,22190000,7168,已驳回,\N,\N
P0177,市政,白云区,2024-10-14,22220000,27718,已签发,17827156.0,2024-12-15
P0178,住宅,天河区,2024-06-26,1730000,46564,已签发,1905084.0,2024-09-02
P0179,仓储,海珠区,2024-06-15,32080000,28086,已签发,36888044.0,2024-09-26
P0180,住宅,天河区,2024-10-19,8350000,1900,审批中,\N,\N
P0181,住宅,白云区,2024-03-22,24660000,28446,已签发,20534558.0,2024-04-30
P0182,市政,番禺区,2024-01-25,8460000,35668,审批中,\N,\N
P0183,住宅,海珠区,2024-11-02,42220000,23399,已过期,\N,\N
P0184,商业,白云区,2023-02-12,42040000,44789,已签发,39094993.0,2023-04-19
P0185,商业,海珠区,2023-09-11,19860000,32315,已签发,26286210.0,2023-12-02
P0186,工业,黄埔区,2023-05-10,22060000,5720,已签发,18800978.0,2023-06-08
P0187,仓储,天河区,2023-03-01,38570000,44478,已签发,42135050.0,2023-06-22
P0188,住宅,黄埔区,2024-10-24,13510000,36655,已签发,16412618.0,2024-11-27
P0189,住宅,白云区,2024-04-11,42130000,49948,已签发,40320544.0,2024-05-09
P0190,市政,番禺区,2023-10-14,31900000,21129,已驳回,\N,\N
P0191,商业,海珠区,2024-05-31,32860000,41805,已签发,42640157.0,2024-08-23
P0192,仓储,天河区,2024-04-11,24020000,15155,已签发,21959136.0,2024-07-08
P0193,工业,海珠区,2023-12-11,19820000,44249,已驳回,\N,\N
P0194,商业,白云区,2024-10-03,27710000,14117,审批中,\N,\N
P0195,工业,海珠区,2024-01-17,4140000,4957,已签发,4055292.0,2024-04-22
P0196,市政,天河区,2024-11-20,49660000,13245,已签发,52565853.0,2024-12-26
P0197,市政,白云区,2023-09-10,24400000,41880,已签发,24090489.0,2023-10-29
P0198,住宅,海珠区,2023-02-25,9960000,4933,审批中,\N,\N
P0199,仓储,番禺区,2024-04-07,14270000,31154,审批中,\N,\N
P0200,工业,白云区,2024-04-01,14890000,31335,审批中,\N,\N
P0201,商业,白云区,2023-03-24,32300000,7281,已签发,44944188.0,2023-06-03
P0202,市政,番禺区,2023-04-09,49070000,41658,已驳回,\N,\N
P0203,住宅,黄埔区,2023-05-29,3900000,23701,已签发,4527238.0,2023-07-27
P0204,住宅,天河区,2023-11-25,30390000,21313,已签发,30497342.0,2024-01-15
P0205,工业,黄埔区,2023-06-05,4320000,34641,已签发,4867591.0,2023-07-13
P0206,市政,海珠区,2023-07-09,16060000,47286,已签发,13243732.0,2023-08-26
P0207,仓储,番禺区,2024-05-08,3490000,24890,已签发,4351663.0,2024-07-16
P0208,市政,黄埔区,2023-09-20,1880000,44139,已驳回,\N,\N
P0209,工业,白云区,2023-03-21,4080000,29545,已驳回,\N,\N
P0210,工业,海珠区,2024-02-04,49810000,46513,已签发,41716082.0,2024-05-06
P0211,市政,海珠区,2024-08-31,15720000,44771,已签发,16230583.0,2024-12-19
P0212,工业,黄埔区,2023-09-17,35060000,27029,已签发,40320855.0,2023-12-18
P0213,市政,黄埔区,2024-09-06,16770000,35262,已签发,18086820.0,2024-12-21
P0214,商业,番禺区,2024-07-05,13530000,3830,已签发,15850700.0,2024-07-30
P0215,市政,天河区,2023-04-11,11840000,48061,已驳回,\N,\N
P0216,市政,黄埔区,2023-12-25,22360000,32070,已签发,26765418.0,2024-01-10
P0217,工业,黄埔区,2024-01-15,32200000,49498,已签发,29993515.0,2024-02-19
P0218,工业,白云区,2023-08-09,38850000,47421,已签发,33710374.0,2023-11-22
P0219,住宅,海珠区,2024-02-24,22010000,45142,已驳回,\N,\N
P0220,住宅,天河区,2023-05-04,12870000,3653,审批中,\N,\N
P0221,商业,白云区,2024-02-26,37850000,37475,已驳回,\N,\N
P0222,住宅,番禺区,2023-08-19,28840000,43570,审批中,\N,\N
P0223,市政,番禺区,2024-11-20,43100000,38596,已签发,37224407.0,2025-03-01
P0224,工业,黄埔区,2023-03-04,10480000,8528,已签发,11725171.0,2023-05-21
P0225,住宅,黄埔区,2024-04-29,26170000,15734,审批中,\N,\N
P0226,住宅,番禺区,2024-09-19,13570000,19944,已签发,15848282.0,2024-10-24
P0227,商业,黄埔区,2024-12-03,7060000,19589,已签发,9060530.0,2024-12-17
P0228,商业,天河区,2024-07-27,27100000,36520,已签发,26552612.0,2024-08-27
P0229,市政,黄埔区,2024-04-27,22610000,49370,已签发,31139877.0,2024-07-24
P0230,工业,海珠区,2024-06-02,19590000,35210,已签发,21967847.0,2024-06-24
P0231,商业,黄埔区,2023-06-04,37800000,14865,已签发,44262835.0,2023-07-11
P0232,住宅,白云区,2023-04-02,20960000,38065,审批中,\N,\N
P0233,工业,天河区,2024-06-09,32120000,8840,已签发,38545250.0,2024-10-03
P0234,工业,白云区,2024-03-30,11900000,34916,已签发,13168331.0,2024-05-01
P0235,住宅,白云区,2024-08-20,3160000,25721,已签发,3340937.0,2024-12-04
P0236,商业,海珠区,2024-10-06,18950000,30249,已签发,15771500.0,2025-01-30
P0237,住宅,天河区,2024-05-24,17580000,5818,已签发,14296961.0,2024-06-20
P0238,工业,天河区,2023-07-02,36800000,37204,已签发,37343783.0,2023-08-10
P0239,仓储,天河区,2024-01-21,32610000,2120,已签发,32616408.0,2024-02-25
P0240,仓储,天河区,2024-07-27,23430000,44137,已签发,24194218.0,2024-08-21
P0241,市政,天河区,2024-02-09,37820000,4388,已签发,33395851.0,2024-05-05
P0242,住宅,海珠区,2023-09-03,38790000,12407,已签发,48212128.0,2023-10-21
P0243,住宅,黄埔区,2024-08-13,15600000,438,已签发,20501186.0,2024-09-24
P0244,市政,白云区,2024-10-22,5250000,33172,已签发,7156951.0,2024-11-26
P0245,市政,天河区,2024-10-11,10260000,10999,已签发,11238982.0,2024-12-07
P0246,市政,黄埔区,2024-04-15,12570000,5752,审批中,\N,\N
P0247,工业,黄埔区,2024-02-27,20100000,29116,已签发,26397946.0,2024-04-14
P0248,住宅,白云区,2023-03-06,6070000,5127,已签发,6379416.0,2023-03-17
P0249,工业,海珠区,2023-01-13,9320000,28164,已签发,9186236.0,2023-01-28
P0250,市政,番禺区,2023-08-01,22440000,11364,审批中,\N,\N
P0251,住宅,番禺区,2023-08-30,48110000,37358,已驳回,\N,\N
P0252,工业,黄埔区,2024-05-07,27170000,19271,审批中,\N,\N
P0253,工业,白云区,2023-08-01,47270000,48609,审批中,\N,\N
P0254,市政,番禺区,2024-11-23,48400000,6360,已签发,41860821.0,2025-02-28
P0255,住宅,黄埔区,2023-12-04,16600000,16010,审批中,\N,\N
P0256,市政,海珠区,2023-06-22,35380000,5326,已签发,41340819.0,2023-07-28
P0257,住宅,番禺区,2024-11-02,25040000,30209,已签发,24927188.0,2024-12-22
P0258,仓储,黄埔区,2023-06-13,45440000,33784,已签发,41579496.0,2023-09-02
P0259,商业,黄埔区,2024-04-09,19960000,46382,已签发,22620635.0,2024-07-19
P0260,商业,天河区,2024-05-11,48600000,25596,已驳回,\N,\N
P0261,商业,海珠区,2024-11-30,48490000,392,已签发,44814271.0,2024-12-26
P0262,市政,天河区,2024-01-30,28580000,36613,审批中,\N,\N
P0263,仓储,白云区,2024-12-03,38750000,13016,已签发,32959146.0,2025-01-10
P0264,住宅,天河区,2023-11-04,35860000,39282,已签发,36349698.0,2024-01-10
P0265,工业,天河区,2023-07-02,38520000,32330,已签发,46541044.0,2023-09-19
P0266,住宅,番禺区,2024-09-20,42270000,40342,已签发,40768240.0,2024-12-16
P0267,工业,黄埔区,2024-05-24,47490000,36668,已驳回,\N,\N
P0268,住宅,海珠区,2024-12-08,20200000,30898,已签发,25127198.0,2024-12-23
P0269,仓储,天河区,2024-06-29,38720000,10855,已签发,49306578.0,2024-08-03
P0270,工业,海珠区,2024-07-17,28690000,48097,已驳回,\N,\N
P0271,市政,天河区,2024-09-15,9520000,30275,已签发,8418805.0,2024-10-06
P0272,住宅,白云区,2024-08-16,4140000,9559,已过期,\N,\N
P0273,住宅,天河区,2023-08-15,43080000,36861,已签发,47855258.0,2023-09-07
P0274,工业,番禺区,2024-03-11,31690000,39779,已签发,39574777.0,2024-04-11
P0275,市政,黄埔区,2024-02-26,26080000,42256,已签发,33954035.0,2024-04-26
P0276,市政,白云区,2024-07-07,19130000,33472,已签发,23388360.0,2024-08-08
P0277,仓储,天河区,2023-01-21,1650000,42781,已签发,2239310.0,2023-03-19
P0278,市政,海珠区,2024-07-07,24340000,14871,审批中,\N,\N
P0279,市政,白云区,2024-02-01,39850000,27248,已驳回,\N,\N
P0280,市政,白云区,2024-09-16,49850000,10938,审批中,\N,\N
P0281,商业,天河区,2023-04-15,25400000,26163,已签发,30929972.0,2023-07-22
P0282,仓储,白云区,2023-07-11,9920000,44154,已签发,9083965.0,2023-08-02
P0283,住宅,海珠区,2023-01-17,17740000,6973,已签发,15178856.0,2023-04-21
P0284,工业,白云区,2023-04-30,23840000,36784,已签发,26684916.0,2023-08-22
P0285,住宅,海珠区,2024-01-28,28170000,30094,审批中,\N,\N
P0286,仓储,天河区,2024-02-29,11870000,917,已签发,10218027.0,2024-05-03
P0287,工业,黄埔区,2023-05-09,25770000,11876,已签发,32860223.0,2023-05-27
P0288,仓储,白云区,2023-05-10,41670000,4634,已签发,53626923.0,2023-08-06
P0289,市政,黄埔区,2024-07-25,34700000,38025,已过期,\N,\N
P0290,工业,海珠区,2024-07-13,48280000,29300,已签发,40284165.0,2024-07-24
P0291,市政,白云区,2023-01-29,39560000,5194,已签发,35792064.0,2023-03-04
P0292,住宅,番禺区,2023-04-07,36870000,4434,已签发,45145684.0,2023-04-29
P0293,住宅,黄埔区,2023-01-10,30030000,3964,已签发,36848815.0,2023-04-27
P0294,工业,白云区,2023-08-30,24170000,44149,已签发,32363948.0,2023-10-29
P0295,工业,黄埔区,2023-08-20,42710000,37605,已签发,49099915.0,2023-10-26
P0296,仓储,白云区,2023-10-11,3260000,35072,审批中,\N,\N
P0297,仓储,天河区,2024-12-15,20490000,42415,已签发,17884674.0,2025-01-28
P0298,市政,黄埔区,2024-12-26,12770000,23385,审批中,\N,\N
P0299,工业,番禺区,2023-07-19,38020000,43642,已过期,\N,\N
P0300,住宅,番禺区,2023-03-20,37850000,41353,审批中,\N,\N
P0301,仓储,海珠区,2023-06-22,7450000,12199,已签发,8137837.0,2023-08-29
P0302,仓储,白云区,2024-04-11,13590000,36687,已签发,11073932.0,2024-06-29
P0303,住宅,黄埔区,2024-08-03,42020000,2781,审批中,\N,\N
P0304,仓储,海珠区,2024-02-20,32840000,2963,审批中,\N,\N
P0305,市政,黄埔区,2024-03-24,41640000,27574,已签发,40298433.0,2024-04-21
P0306,工业,白云区,2023-03-28,23610000,38959,审批中,\N,\N
P0307,住宅,番禺区,2023-04-11,28910000,10731,已签发,35756100.0,2023-07-11
P0308,工业,天河区,2023-01-08,42580000,25507,已签发,54838296.0,2023-04-30
P0309,仓储,番禺区,2023-07-19,36090000,31035,已签发,34447449.0,2023-10-09
P0310,仓储,海珠区,2024-05-19,34480000,11264,已签发,43605190.0,2024-08-12
P0311,住宅,天河区,2023-03-28,5910000,11512,已签发,6095172.0,2023-04-11
P0312,市政,海珠区,2023-02-12,27440000,37748,审批中,\N,\N
P0313,商业,白云区,2024-01-20,47240000,37145,已签发,62054494.0,2024-02-09
P0314,住宅,天河区,2024-09-12,11380000,48137,已签发,14224683.0,2024-12-24
P0315,商业,海珠区,2024-03-10,34130000,6676,已签发,43791182.0,2024-05-26
P0316,商业,白云区,2024-02-12,740000,24765,已签发,652759.0,2024-04-30
P0317,市政,番禺区,2024-04-27,16220000,2582,已签发,13654509.0,2024-05-07
P0318,商业,白云区,2024-10-25,30080000,49883,审批中,\N,\N
P0319,商业,黄埔区,2023-01-17,42860000,22663,审批中,\N,\N
P0320,市政,白云区,2024-10-06,18170000,45476,审批中,\N,\N
P0321,商业,白云区,2023-05-28,47930000,33602,审批中,\N,\N
P0322,商业,黄埔区,2023-10-04,22850000,26545,已签发,29747257.0,2024-01-03
P0323,商业,海珠区,2023-08-20,2500000,44964,已签发,3293734.0,2023-09-10
P0324,住宅,海珠区,2024-01-01,32480000,27146,已签发,32142152.0,2024-03-27
P0325,住宅,白云区,2023-08-16,3060000,14362,已签发,4012661.0,2023-10-05
P0326,住宅,黄埔区,2024-10-12,37970000,49354,已过期,\N,\N
P0327,市政,黄埔区,2024-03-11,46920000,46973,已签发,38934070.0,2024-04-26
P0328,仓储,番禺区,2024-02-03,22910000,8597,已签发,26898894.0,2024-03-28
P0329,商业,海珠区,2023-07-30,32250000,22535,已驳回,\N,\N
P0330,商业,天河区,2024-01-26,36560000,45295,已驳回,\N,\N
P0331,市政,海珠区,2024-05-13,33860000,14594,审批中,\N,\N
P0332,商业,海珠区,2024-06-23,49470000,27397,已签发,49586756.0,2024-10-09
P0333,住宅,番禺区,2024-07-16,4630000,22210,已签发,4202928.0,2024-08-16
P0334,仓储,天河区,2024-05-05,20640000,24323,已签发,19996246.0,2024-08-22
P0335,工业,番禺区,2024-03-17,14310000,22587,已签发,15376741.0,2024-04-06
P0336,商业,天河区,2023-09-18,11480000,3090,已签发,12458457.0,2023-11-24
P0337,住宅,白云区,2023-12-16,34760000,27969,已签发,44138252.0,2024-02-09
P0338,工业,天河区,2023-12-18,37050000,43826,已驳回,\N,\N
P0339,仓储,番禺区,2024-06-03,9590000,8226,已签发,10300529.0,2024-07-17
P0340,工业,海珠区,2023-11-16,2370000,3506,审批中,\N,\N
P0341,住宅,天河区,2023-05-18,40940000,33865,审批中,\N,\N
P0342,工业,天河区,2024-07-03,38060000,9477,已签发,36279249.0,2024-10-15
P0343,市政,黄埔区,2024-09-14,20650000,42439,审批中,\N,\N
P0344,工业,海珠区,2024-01-03,21420000,47864,已签发,21993979.0,2024-04-26
P0345,商业,白云区,2023-08-08,36940000,48208,已签发,51298908.0,2023-09-29
P0346,商业,番禺区,2023-12-03,21800000,14883,审批中,\N,\N
P0347,市政,白云区,2023-08-11,4070000,870,已签发,5189906.0,2023-11-02
P0348,住宅,海珠区,2024-10-09,24720000,23875,已过期,\N,\N
P0349,商业,天河区,2023-12-26,43070000,18089,已签发,45437648.0,2024-03-08
P0350,仓储,天河区,2023-11-25,45950000,44735,已签发,47316088.0,2024-01-05
P0351,商业,海珠区,2024-04-07,15470000,13206,已签发,19050459.0,2024-06-19
P0352,商业,天河区,2024-07-14,22080000,48736,已签发,24917516.0,2024-07-25
P0353,住宅,天河区,2024-01-17,26050000,26731,已签发,35591251.0,2024-02-19
P0354,工业,天河区,2024-08-12,23920000,21839,审批中,\N,\N
P0355,商业,番禺区,2024-09-08,30010000,16833,已驳回,\N,\N
P0356,市政,番禺区,2023-06-18,12880000,34860,已驳回,\N,\N
P0357,工业,黄埔区,2023-08-05,10230000,3639,已签发,11969382.0,2023-09-14
P0358,仓储,白云区,2024-01-13,47770000,32372,审批中,\N,\N
P0359,住宅,海珠区,2023-04-29,40150000,35822,审批中,\N,\N
P0360,仓储,海珠区,2023-07-09,11000000,11777,审批中,\N,\N
P0361,工业,海珠区,2024-01-05,37510000,11963,已签发,37889571.0,2024-03-21
P0362,工业,黄埔区,2023-05-29,28300000,20376,审批中,\N,\N
P0363,工业,番禺区,2024-11-06,16380000,44586,已驳回,\N,\N
P0364,仓储,黄埔区,2024-10-13,39280000,24455,已签发,36876636.0,2024-12-09
P0365,工业,海珠区,2024-05-02,24180000,41203,已驳回,\N,\N
P0366,仓储,白云区,2024-01-09,4860000,20196,已签发,6784361.0,2024-03-11
P0367,工业,天河区,2024-11-23,28780000,35586,已签发,38022242.0,2025-02-07
P0368,市政,番禺区,2023-06-09,16060000,21262,已签发,18288869.0,2023-09-16
P0369,工业,番禺区,2023-12-17,39080000,36131,已签发,43377883.0,2024-01-13
P0370,仓储,黄埔区,2023-10-15,13540000,35910,已签发,13144093.0,2023-11-02
P0371,商业,番禺区,2023-10-15,24340000,34893,已驳回,\N,\N
P0372,工业,海珠区,2023-08-14,2320000,35940,已签发,3036668.0,2023-11-18
P0373,商业,海珠区,2024-06-06,16390000,11905,已驳回,\N,\N
P0374,市政,黄埔区,2024-06-05,16370000,43608,已驳回,\N,\N
P0375,住宅,海珠区,2023-09-30,7090000,28247,已签发,6529027.0,2023-10-30
P0376,市政,白云区,2024-02-06,2090000,11166,已驳回,\N,\N
P0377,工业,黄埔区,2023-07-02,40030000,17574,已过期,\N,\N
P0378,商业,白云区,2024-10-26,10610000,11338,审批中,\N,\N
P0379,商业,天河区,2024-05-02,1020000,16135,审批中,\N,\N
P0380,仓储,白云区,2023-05-04,23570000,46113,已过期,\N,\N
P0381,商业,天河区,2024-09-17,12780000,689,审批中,\N,\N
P0382,仓储,天河区,2024-02-18,10850000,44716,已签发,12243083.0,2024-04-12
P0383,住宅,白云区,2024-12-25,37520000,22460,已驳回,\N,\N
P0384,工业,黄埔区,2023-06-21,40950000,26269,审批中,\N,\N
P0385,仓储,海珠区,2023-10-15,49950000,19475,已签发,49472143.0,2023-10-27
P0386,住宅,海珠区,2024-03-10,44990000,36484,已签发,41939293.0,2024-06-03
P0387,商业,天河区,2024-11-16,13140000,39378,审批中,\N,\N
P0388,商业,天河区,2023-04-23,19340000,33021,已签发,16659867.0,2023-07-17
P0389,住宅,黄埔区,2023-05-02,18590000,17199,已驳回,\N,\N
P0390,商业,番禺区,2024-06-27,32170000,38912,已签发,43228119.0,2024-08-21
P0391,住宅,白云区,2023-08-10,38470000,40372,已签发,47935970.0,2023-11-13
P0392,仓储,天河区,2024-09-22,23910000,33922,已签发,26771936.0,2024-12-27
P0393,仓储,海珠区,2023-02-08,34640000,10825,已签发,45600120.0,2023-03-19
P0394,住宅,黄埔区,2024-05-11,8670000,1829,审批中,\N,\N
P0395,仓储,白云区,2023-08-21,24870000,11173,已驳回,\N,\N
P0396,仓储,黄埔区,2024-06-13,9380000,7059,已驳回,\N,\N
P0397,仓储,白云区,2023-05-29,7170000,41809,已签发,9396795.0,2023-06-18
P0398,市政,白云区,2024-02-01,47780000,43507,已签发,48139081.0,2024-04-19
P0399,工业,天河区,2024-10-22,26740000,45650,已驳回,\N,\N
P0400,商业,黄埔区,2024-09-29,42820000,36246,已驳回,\N,\N
P0401,市政,黄埔区,2023-10-29,45730000,22039,已签发,58590326.0,2024-01-12
P0402,仓储,海珠区,2023-12-26,8680000,27416,已签发,7780371.0,2024-04-01
P0403,住宅,海珠区,2023-08-26,22380000,19145,已签发,25119408.0,2023-10-05
P0404,仓储,天河区,2024-10-08,11560000,6739,已驳回,\N,\N
P0405,工业,天河区,2024-10-24,22740000,49722,审批中,\N,\N
P0406,仓储,番禺区,2023-08-24,2470000,33825,已签发,2378437.0,2023-12-05
P0407,住宅,海珠区,2023-07-22,27210000,5086,已签发,26930528.0,2023-09-15
P0408,工业,白云区,2023-09-13,35420000,45913,已驳回,\N,\N
P0409,仓储,黄埔区,2024-08-20,24980000,7685,已签发,27123119.0,2024-11-29
P0410,工业,天河区,2024-10-23,5200000,31655,已签发,6249633.0,2024-12-31
P0411,商业,黄埔区,2023-08-23,19980000,46648,已签发,20807648.0,2023-10-02
P0412,商业,黄埔区,2023-12-11,39490000,16967,已签发,38652974.0,2023-12-31
P0413,仓储,番禺区,2024-06-17,20600000,47365,已签发,24210908.0,2024-09-21
P0414,工业,海珠区,2024-04-10,38500000,28653,已驳回,\N,\N
P0415,住宅,天河区,2024-06-24,41680000,10944,已驳回,\N,\N
P0416,仓储,黄埔区,2023-08-01,38460000,37302,已驳回,\N,\N
P0417,商业,天河区,2024-04-07,40380000,12426,已驳回,\N,\N
P0418,商业,白云区,2024-03-11,2840000,28069,已签发,3880931.0,2024-06-27
P0419,仓储,番禺区,2023-10-10,9780000,22788,已驳回,\N,\N
P0420,工业,白云区,2024-07-15,36570000,13640,已签发,39135973.0,2024-11-04
P0421,商业,天河区,2024-08-29,5720000,31909,审批中,\N,\N
P0422,工业,天河区,2024-04-07,35730000,47988,已过期,\N,\N
P0423,商业,海珠区,2024-02-11,45760000,22695,已签发,59870628.0,2024-04-18
P0424,商业,黄埔区,2023-03-29,49380000,37219,已签发,45607536.0,2023-04-12
P0425,市政,黄埔区,2023-02-13,16790000,45148,已签发,23023411.0,2023-04-15
P0426,商业,白云区,2024-04-05,46780000,49108,已签发,47019488.0,2024-05-29
P0427,住宅,番禺区,2023-10-05,13660000,1122,已签发,19007646.0,2024-01-07
P0428,仓储,黄埔区,2024-11-13,29070000,27726,已驳回,\N,\N
P0429,仓储,海珠区,2024-02-25,11740000,8157,已过期,\N,\N
P0430,工业,白云区,2024-12-01,26370000,48764,已签发,26125887.0,2025-02-09
P0431,商业,白云区,2023-12-19,10730000,34198,已签发,8640507.0,2024-02-04
P0432,住宅,海珠区,2024-11-26,14280000,43595,已签发,14698114.0,2024-12-25
P0433,工业,番禺区,2024-05-29,34240000,24231,已驳回,\N,\N
P0434,市政,海珠区,2024-12-03,15690000,10206,已签发,12904055.0,2024-12-14
P0435,工业,番禺区,2024-09-21,2760000,37901,已签发,3044884.0,2024-11-01
P0436,工业,海珠区,2023-01-19,9410000,47263,已签发,9803514.0,2023-02-23
P0437,商业,海珠区,2023-01-23,41220000,26139,已签发,48669850.0,2023-04-12
P0438,市政,天河区,2024-02-17,23070000,49345,已签发,27054461.0,2024-04-07
P0439,工业,白云区,2023-01-30,28380000,20524,已驳回,\N,\N
P0440,住宅,海珠区,2023-04-18,4460000,23067,已签发,6182359.0,2023-08-02
P0441,住宅,海珠区,2024-01-02,21280000,403,审批中,\N,\N
P0442,仓储,黄埔区,2023-10-08,47940000,16744,已签发,51159862.0,2023-12-07
P0443,市政,白云区,2023-05-08,44740000,16099,审批中,\N,\N
P0444,市政,黄埔区,2023-08-17,32870000,29263,审批中,\N,\N
P0445,仓储,白云区,2023-04-21,39430000,25544,已签发,33891573.0,2023-05-19
P0446,工业,黄埔区,2023-05-16,20550000,3948,已签发,21725183.0,2023-06-06
P0447,市政,海珠区,2023-12-28,20660000,39686,已签发,24318912.0,2024-02-23
P0448,住宅,海珠区,2023-07-05,32210000,1293,已驳回,\N,\N
P0449,住宅,天河区,2024-10-17,27180000,15428,已签发,31976746.0,2024-12-22
P0450,商业,黄埔区,2024-08-06,19280000,21084,已过期,\N,\N
P0451,市政,番禺区,2023-05-09,12460000,25383,已签发,17425445.0,2023-08-02
P0452,工业,天河区,2023-09-18,18220000,16234,审批中,\N,\N
P0453,仓储,黄埔区,2024-05-29,2110000,5910,审批中,\N,\N
P0454,仓储,黄埔区,2024-03-24,40260000,42700,审批中,\N,\N
P0455,工业,天河区,2023-04-14,18010000,19459,已签发,18720956.0,2023-05-15
P0456,商业,海珠区,2024-04-27,8250000,36159,已签发,7799172.0,2024-08-17
P0457,仓储,黄埔区,2023-08-12,9890000,33657,审批中,\N,\N
P0458,市政,海珠区,2024-05-05,32700000,20343,已签发,44888346.0,2024-07-10
P0459,商业,天河区,2024-04-17,5890000,2303,已签发,7958055.0,2024-06-12
P0460,市政,海珠区,2023-01-10,49670000,565,已签发,41136470.0,2023-03-14
P0461,住宅,白云区,2024-02-09,15110000,46978,已签发,15159678.0,2024-02-21
P0462,商业,番禺区,2023-10-29,4050000,44735,已签发,4224510.0,2023-12-30
P0463,仓储,黄埔区,2023-08-19,36540000,16303,已签发,34472154.0,2023-11-20
P0464,商业,番禺区,2023-03-07,33730000,32710,已签发,39711129.0,2023-04-16
P0465,商业,海珠区,2023-04-22,2840000,24676,审批中,\N,\N
P0466,商业,黄埔区,2023-01-13,15980000,12942,审批中,\N,\N
P0467,商业,海珠区,2024-01-28,21460000,12591,已驳回,\N,\N
P0468,市政,白云区,2024-05-14,42630000,37140,已过期,\N,\N
P0469,住宅,天河区,2024-08-20,21510000,29101,已签发,25643190.0,2024-11-09
P0470,工业,黄埔区,2023-08-22,17230000,32201,已签发,16616496.0,2023-11-27
P0471,商业,白云区,2024-08-24,21500000,15823,已签发,24850424.0,2024-10-22
P0472,仓储,白云区,2023-11-10,37070000,2578,已签发,40537392.0,2024-02-11
P0473,商业,黄埔区,2024-07-19,47030000,21572,已驳回,\N,\N
P0474,仓储,海珠区,2023-01-12,36460000,44999,已签发,34473898.0,2023-04-07
P0475,市政,白云区,2023-07-28,37980000,38637,已签发,37031110.0,2023-10-22
P0476,仓储,番禺区,2023-01-14,32230000,35703,已签发,43658298.0,2023-05-12
P0477,工业,白云区,2024-09-24,18650000,30946,已签发,17498026.0,2025-01-17
P0478,住宅,海珠区,2024-02-22,38910000,28123,审批中,\N,\N
P0479,仓储,海珠区,2024-03-12,20550000,10067,已签发,20994136.0,2024-06-18
P0480,仓储,番禺区,2024-01-12,45430000,41458,已过期,\N,\N
P0481,住宅,白云区,2023-01-20,7240000,33924,已签发,6305627.0,2023-05-05
P0482,工业,海珠区,2024-08-09,4360000,9506,已签发,5983520.0,2024-11-14
P0483,商业,黄埔区,2023-03-11,22080000,39591,已驳回,\N,\N
P0484,仓储,天河区,2023-07-30,27110000,15108,已签发,31076996.0,2023-09-21
P0485,住宅,天河区,2023-04-11,21140000,27281,已驳回,\N,\N
P0486,市政,天河区,2024-11-28,39010000,37428,已过期,\N,\N
P0487,住宅,白云区,2023-05-12,33030000,23586,审批中,\N,\N
P0488,市政,番禺区,2024-09-14,46860000,46954,审批中,\N,\N
P0489,工业,海珠区,2024-01-16,43160000,45606,已签发,36534499.0,2024-04-11
P0490,商业,黄埔区,2023-05-12,7890000,28502,已驳回,\N,\N
P0491,住宅,黄埔区,2023-01-20,14510000,19412,已签发,16703594.0,2023-05-05
P0492,仓储,白云区,2024-06-19,33090000,35818,审批中,\N,\N
P0493,工业,天河区,2023-08-15,23270000,46267,已驳回,\N,\N
P0494,住宅,白云区,2023-06-03,39540000,10898,已过期,\N,\N
P0495,仓储,番禺区,2024-04-13,39730000,4794,已驳回,\N,\N
P0496,住宅,番禺区,2024-02-09,42640000,25725,已签发,47107359.0,2024-05-14
P0497,市政,海珠区,2023-07-21,32770000,14482,已过期,\N,\N
P0498,住宅,海珠区,2023-02-07,28810000,49253,审批中,\N,\N
P0499,住宅,番禺区,2023-07-07,38080000,14534,已驳回,\N,\N
P0500,住宅,番禺区,2023-02-26,25620000,29379,审批中,\N,\N
P0501,工业,番禺区,2023-01-20,22010000,6844,已签发,23773592.0,2023-04-21
P0502,住宅,白云区,2023-09-30,37250000,35818,已签发,37839738.0,2023-11-27
P0503,仓储,番禺区,2023-04-29,27950000,47901,已签发,31351325.0,2023-05-26
P0504,市政,黄埔区,2024-08-05,39160000,33133,审批中,\N,\N
P0505,市政,天河区,2024-05-30,38140000,43669,已签发,40662503.0,2024-06-12
P0506,住宅,番禺区,2023-08-09,22720000,33887,已签发,30974770.0,2023-11-16
P0507,工业,天河区,2024-06-09,28420000,41273,已签发,27765416.0,2024-08-26
P0508,工业,白云区,2024-05-29,17470000,17575,已驳回,\N,\N
P0509,仓储,天河区,2024-12-28,35120000,48683,已签发,44045979.0,2025-03-02
P0510,住宅,白云区,2023-12-02,41130000,31126,已签发,49910130.0,2023-12-27
P0511,市政,黄埔区,2024-11-28,15740000,36807,已签发,20748226.0,2025-03-16
P0512,工业,白云区,2023-02-24,48100000,17842,已签发,67247912.0,2023-06-03
P0513,住宅,白云区,2024-05-14,820000,24193,已签发,866014.0,2024-08-13
P0514,工业,海珠区,2024-06-19,40750000,44586,已签发,35317639.0,2024-07-27
P0515,工业,番禺区,2023-06-11,26160000,46487,已签发,21405407.0,2023-07-13
P0516,市政,番禺区,2024-10-31,28530000,21388,已驳回,\N,\N
P0517,商业,黄埔区,2024-08-16,39460000,32796,已驳回,\N,\N
P0518,仓储,黄埔区,2023-06-08,37590000,27972,已签发,35049951.0,2023-08-05
P0519,仓储,番禺区,2023-07-07,7690000,31057,已过期,\N,\N
P0520,市政,海珠区,2023-03-01,46290000,10976,已签发,38759684.0,2023-04-04
P0521,工业,番禺区,2023-11-15,10220000,33035,审批中,\N,\N
P0522,住宅,海珠区,2023-07-30,37680000,9988,审批中,\N,\N
P0523,工业,黄埔区,2024-02-10,44520000,5860,已签发,46346127.0,2024-03-13
P0524,市政,天河区,2024-10-25,46020000,4678,已签发,50697938.0,2024-12-30
P0525,仓储,黄埔区,2023-04-19,22570000,8410,已签发,29423875.0,2023-08-13
P0526,工业,黄埔区,2023-03-17,44760000,11122,已签发,53286776.0,2023-06-15
P0527,仓储,白云区,2024-06-25,43700000,36489,审批中,\N,\N
P0528,住宅,白云区,2023-11-10,30800000,33540,已签发,27886420.0,2023-12-03
P0529,仓储,白云区,2023-04-27,36250000,40050,已签发,40161880.0,2023-08-07
P0530,仓储,白云区,2024-12-04,31660000,38363,已签发,38917377.0,2025-01-02
P0531,商业,海珠区,2023-01-19,33350000,48375,已签发,46154950.0,2023-02-27
P0532,商业,番禺区,2024-03-07,6930000,18842,已签发,6381447.0,2024-04-04
P0533,商业,天河区,2024-11-15,47610000,11294,已签发,38360615.0,2025-01-16
P0534,仓储,黄埔区,2023-12-16,2440000,22623,已驳回,\N,\N
P0535,市政,海珠区,2023-07-02,40460000,33618,已签发,41492194.0,2023-09-05
P0536,仓储,天河区,2023-04-23,5380000,5941,已签发,6952718.0,2023-07-18
P0537,市政,海珠区,2023-07-02,22540000,46249,审批中,\N,\N
P0538,市政,海珠区,2024-04-25,27070000,7038,已签发,29074218.0,2024-05-27
P0539,商业,黄埔区,2023-05-26,33260000,3462,审批中,\N,\N
P0540,工业,番禺区,2024-09-19,11520000,5196,审批中,\N,\N
P0541,住宅,白云区,2023-04-23,12910000,44794,已签发,13815530.0,2023-06-04
P0542,商业,番禺区,2024-04-20,5650000,22364,已签发,5383598.0,2024-08-10
P0543,商业,黄埔区,2023-10-30,4420000,35795,已签发,4469198.0,2024-02-20
P0544,工业,黄埔区,2023-04-28,6800000,30457,已签发,8318910.0,2023-05-25
P0545,住宅,黄埔区,2023-06-10,37660000,14411,已签发,41912966.0,2023-08-31
P0546,仓储,天河区,2024-02-05,18970000,30653,已签发,16594737.0,2024-03-18
P0547,仓储,番禺区,2023-07-17,27050000,5432,已签发,37243757.0,2023-08-27
P0548,商业,番禺区,2023-09-17,10290000,2417,已签发,12158113.0,2023-11-26
P0549,住宅,海珠区,2024-10-21,45790000,24429,审批中,\N,\N
P0550,商业,海珠区,2023-02-16,34520000,14432,已签发,29256662.0,2023-03-14
P0551,市政,海珠区,2024-02-03,39210000,25813,已签发,32475095.0,2024-03-02
P0552,商业,黄埔区,2024-12-10,3270000,14226,已签发,2654157.0,2025-03-20
P0553,商业,番禺区,2024-07-12,2820000,28754,已驳回,\N,\N
P0554,仓储,黄埔区,2023-03-19,16020000,31108,已签发,16799293.0,2023-07-05
P0555,仓储,天河区,2023-05-04,33200000,19810,已驳回,\N,\N
P0556,仓储,海珠区,2023-03-16,24590000,46846,已签发,26415458.0,2023-04-28
P0557,市政,黄埔区,2023-05-17,35620000,39805,审批中,\N,\N
P0558,仓储,黄埔区,2024-08-24,750000,7231,已签发,852870.0,2024-09-27
P0559,住宅,天河区,2024-02-04,5100000,47774,已签发,4422519.0,2024-04-21
P0560,工业,白云区,2024-05-19,38140000,25715,已签发,44459932.0,2024-08-10
P0561,住宅,番禺区,2024-05-14,34810000,36684,已签发,39720269.0,2024-08-05
P0562,住宅,白云区,2024-07-26,35330000,36382,已签发,45052668.0,2024-10-31
P0563,仓储,海珠区,2023-05-18,20440000,770,已签发,28452736.0,2023-08-20
P0564,工业,黄埔区,2023-02-19,5400000,32454,审批中,\N,\N
P0565,工业,天河区,2024-09-10,11220000,19488,已驳回,\N,\N
P0566,工业,天河区,2024-09-16,32230000,13488,已签发,43359639.0,2024-10-11
P0567,市政,番禺区,2023-09-11,2650000,30077,已签发,3368451.0,2023-12-19
P0568,仓储,白云区,2024-09-21,17730000,19089,已签发,19369028.0,2024-11-30
P0569,工业,番禺区,2024-12-10,16420000,1117,审批中,\N,\N
P0570,市政,黄埔区,2024-07-16,26560000,10266,已签发,22160123.0,2024-10-13
P0571,商业,番禺区,2024-03-01,2080000,29704,已过期,\N,\N
P0572,商业,天河区,2024-06-30,48310000,7182,已签发,40112007.0,2024-07-25
P0573,市政,天河区,2023-10-29,33630000,39304,已签发,37947515.0,2024-02-14
P0574,市政,海珠区,2024-08-03,28910000,18262,审批中,\N,\N
P0575,仓储,海珠区,2023-12-15,18260000,17199,已驳回,\N,\N
P0576,仓储,黄埔区,2023-02-18,21020000,10141,已签发,22771998.0,2023-03-11
P0577,商业,白云区,2023-03-15,23450000,23670,已签发,23323307.0,2023-04-28
P0578,工业,番禺区,2024-12-04,17460000,45348,已过期,\N,\N
P0579,商业,黄埔区,2023-09-18,30430000,21333,已签发,39382121.0,2023-11-16
P0580,工业,海珠区,2023-12-22,25190000,44635,已驳回,\N,\N
P0581,工业,番禺区,2024-08-04,19960000,4729,已签发,23005420.0,2024-11-21
P0582,仓储,海珠区,2024-08-24,38590000,17719,审批中,\N,\N
P0583,住宅,番禺区,2023-09-17,28330000,12392,审批中,\N,\N
P0584,住宅,白云区,2024-09-29,36940000,8766,已签发,39471539.0,2024-11-18
P0585,市政,黄埔区,2023-10-22,25500000,7426,已驳回,\N,\N
P0586,仓储,番禺区,2024-10-02,36950000,38130,已签发,37491423.0,2025-01-07
P0587,工业,天河区,2023-11-09,26950000,49558,已签发,22593278.0,2023-12-15
P0588,住宅,天河区,2024-09-03,23990000,21459,已签发,20261972.0,2024-10-02
P0589,工业,番禺区,2023-07-01,19820000,34287,已签发,17227894.0,2023-08-04
P0590,住宅,番禺区,2024-11-16,33440000,1341,审批中,\N,\N
P0591,住宅,番禺区,2023-12-30,18070000,4827,已签发,19575878.0,2024-01-17
P0592,住宅,天河区,2023-07-07,11660000,47469,已签发,14315325.0,2023-10-16
P0593,仓储,天河区,2024-07-22,26170000,2890,已签发,27105462.0,2024-09-22
P0594,商业,番禺区,2024-06-26,35490000,40291,已签发,33900990.0,2024-09-04
P0595,工业,海珠区,2024-08-18,5420000,3455,已签发,5465068.0,2024-10-04
P0596,仓储,海珠区,2024-10-25,33560000,5413,审批中,\N,\N
P0597,仓储,白云区,2024-07-01,6690000,37076,已驳回,\N,\N
P0598,仓储,黄埔区,2024-12-25,32820000,19604,已驳回,\N,\N
P0599,仓储,海珠区,2024-02-12,38730000,25580,已签发,46778979.0,2024-06-03
P0600,仓储,天河区,2024-09-09,24300000,25720,已签发,27753248.0,2024-12-24
P0601,市政,海珠区,2024-02-18,15960000,19373,已签发,18611236.0,2024-04-22
P0602,工业,白云区,2023-12-08,36130000,24189,已签发,49332728.0,2023-12-18
P0603,仓储,白云区,2023-08-08,16550000,42770,已签发,21066835.0,2023-11-26
P0604,工业,黄埔区,2023-06-12,38020000,24719,已签发,30964428.0,2023-08-30
P0605,市政,海珠区,2023-08-08,47250000,22639,已签发,52942860.0,2023-10-01
P0606,市政,天河区,2023-09-27,19400000,11613,已驳回,\N,\N
P0607,工业,天河区,2024-09-23,13250000,15195,已签发,16552152.0,2024-11-18
P0608,住宅,番禺区,2024-02-04,27930000,23759,已签发,25915835.0,2024-05-02
P0609,商业,天河区,2023-07-01,25430000,45551,已签发,33575392.0,2023-10-27
P0610,住宅,黄埔区,2024-09-09,4060000,23713,已签发,5576433.0,2024-10-14
P0611,住宅,黄埔区,2024-12-29,9190000,5221,已驳回,\N,\N
P0612,住宅,天河区,2023-07-24,9350000,32664,已签发,12431472.0,2023-09-25
P0613,仓储,天河区,2024-08-04,20510000,21319,已签发,17601420.0,2024-10-23
P0614,市政,番禺区,2024-07-09,13330000,29499,已签发,11109543.0,2024-09-02
P0615,住宅,天河区,2023-08-16,6690000,39550,已签发,5870704.0,2023-09-25
P0616,市政,番禺区,2024-11-26,9320000,46423,已签发,7778888.0,2025-03-03
P0617,工业,番禺区,2024-09-10,8460000,25717,已驳回,\N,\N
P0618,商业,天河区,2024-08-18,36920000,13317,已驳回,\N,\N
P0619,工业,白云区,2023-09-07,34750000,22450,审批中,\N,\N
P0620,工业,白云区,2024-03-16,13460000,19150,已签发,11605936.0,2024-07-09
P0621,仓储,番禺区,2024-06-16,47640000,17559,已驳回,\N,\N
P0622,商业,天河区,2023-07-15,2940000,23796,已签发,2511746.0,2023-08-10
P0623,工业,白云区,2024-11-20,29450000,25730,已签发,35363617.0,2024-12-13
P0624,工业,天河区,2024-06-02,9790000,1462,审批中,\N,\N
P0625,商业,天河区,2023-03-11,5690000,40350,已签发,7460201.0,2023-04-25
P0626,商业,天河区,2024-09-30,32620000,22815,已签发,42090063.0,2024-12-06
P0627,工业,海珠区,2024-02-03,24590000,3527,审批中,\N,\N
P0628,商业,天河区,2024-11-02,570000,29968,已签发,762338.0,2025-02-28
P0629,工业,海珠区,2023-07-22,25750000,29050,已签发,21047189.0,2023-10-02
P0630,工业,番禺区,2023-05-28,34730000,42988,已签发,32777738.0,2023-09-05
P0631,仓储,白云区,2024-04-16,20690000,17048,已驳回,\N,\N
P0632,住宅,白云区,2024-10-16,46400000,47030,已过期,\N,\N
P0633,工业,白云区,2023-07-18,43320000,39742,已驳回,\N,\N
P0634,市政,白云区,2024-03-01,37170000,15360,已签发,47502773.0,2024-05-31
P0635,住宅,白云区,2024-10-27,37210000,34198,已签发,37313776.0,2025-02-23
P0636,住宅,白云区,2024-05-06,28510000,27430,已签发,34876112.0,2024-06-02
P0637,住宅,白云区,2023-05-22,1350000,9276,已签发,1231878.0,2023-07-07
P0638,仓储,番禺区,2023-11-09,31650000,4005,已签发,39573864.0,2023-12-14
P0639,工业,天河区,2023-06-14,42820000,31285,已签发,40319224.0,2023-07-02
P0640,仓储,黄埔区,2023-11-10,25180000,14915,已签发,22312674.0,2024-02-26
P0641,工业,海珠区,2023-01-21,36690000,5950,已过期,\N,\N
P0642,仓储,黄埔区,2023-03-23,16860000,48595,已签发,15329750.0,2023-06-12
P0643,仓储,黄埔区,2024-08-03,36330000,13432,已签发,40243385.0,2024-09-01
P0644,市政,天河区,2023-05-11,40590000,36103,已签发,53046200.0,2023-07-13
P0645,仓储,天河区,2024-08-21,33760000,7153,已驳回,\N,\N
P0646,商业,天河区,2024-12-30,22680000,32293,审批中,\N,\N
P0647,市政,白云区,2023-11-01,22670000,25700,已驳回,\N,\N
P0648,仓储,番禺区,2024-01-06,24190000,22618,已驳回,\N,\N
P0649,住宅,白云区,2024-01-19,36880000,34514,已签发,34906497.0,2024-03-21
P0650,商业,番禺区,2024-03-20,25530000,48425,已签发,27318782.0,2024-06-29
P0651,商业,番禺区,2024-02-29,9930000,22649,已签发,13460079.0,2024-06-16
P0652,商业,黄埔区,2023-06-10,28870000,17678,已签发,34528406.0,2023-10-04
P0653,市政,黄埔区,2023-06-27,27100000,35379,已签发,28001374.0,2023-09-07
P0654,仓储,番禺区,2024-09-20,29860000,47081,已签发,26242384.0,2024-10-10
P0655,仓储,番禺区,2024-12-08,44940000,25538,已驳回,\N,\N
P0656,住宅,白云区,2024-05-04,39970000,27099,已过期,\N,\N
P0657,住宅,白云区,2023-11-23,17260000,4345,审批中,\N,\N
P0658,商业,黄埔区,2024-08-20,12460000,32301,审批中,\N,\N
P0659,住宅,天河区,2023-10-16,41550000,2975,审批中,\N,\N
P0660,市政,番禺区,2024-08-15,28370000,46161,已签发,32064079.0,2024-11-19
P0661,仓储,白云区,2024-10-25,15110000,31847,已签发,16747520.0,2024-11-22
P0662,商业,黄埔区,2024-07-26,33680000,45819,审批中,\N,\N
P0663,住宅,白云区,2024-07-26,7160000,46038,审批中,\N,\N
P0664,市政,番禺区,2023-12-20,22260000,19739,已签发,22121850.0,2024-01-29
P0665,市政,番禺区,2023-01-28,37930000,36938,已驳回,\N,\N
P0666,住宅,海珠区,2023-02-12,6500000,26816,已签发,5826471.0,2023-06-02
P0667,仓储,天河区,2024-11-11,27020000,14319,已签发,24421062.0,2024-12-27
P0668,住宅,海珠区,2024-02-27,44720000,25359,审批中,\N,\N
P0669,商业,黄埔区,2024-08-20,38740000,37299,已签发,33770375.0,2024-09-27
P0670,住宅,白云区,2023-06-26,39560000,10495,已签发,37114857.0,2023-10-20
P0671,市政,黄埔区,2024-06-12,10290000,34910,已签发,8888986.0,2024-07-17
P0672,住宅,番禺区,2024-09-01,25010000,24885,审批中,\N,\N
P0673,仓储,海珠区,2024-05-08,6780000,49543,已签发,5989325.0,2024-05-19
P0674,工业,海珠区,2023-07-17,16790000,25679,审批中,\N,\N
P0675,住宅,海珠区,2024-09-01,37460000,46372,已签发,31044912.0,2024-09-25
P0676,仓储,黄埔区,2024-07-30,34800000,33829,已签发,47645104.0,2024-08-12
P0677,仓储,番禺区,2024-05-31,37240000,42243,已过期,\N,\N
P0678,市政,白云区,2024-05-28,39790000,17233,已签发,31994260.0,2024-07-26
P0679,仓储,白云区,2023-01-22,28150000,37102,已过期,\N,\N
P0680,仓储,黄埔区,2023-04-22,44190000,44771,已签发,48982368.0,2023-05-24
P0681,仓储,海珠区,2023-02-26,48300000,15608,已过期,\N,\N
P0682,仓储,天河区,2023-03-07,1650000,17620,已签发,1837271.0,2023-06-14
P0683,商业,黄埔区,2023-04-08,20530000,16551,已签发,24320144.0,2023-07-01
P0684,商业,黄埔区,2023-05-24,7420000,4331,已签发,9436748.0,2023-06-30
P0685,市政,番禺区,2024-03-10,32120000,45025,已签发,33503242.0,2024-05-24
P0686,住宅,白云区,2024-09-28,11550000,11549,审批中,\N,\N
P0687,仓储,黄埔区,2024-11-09,30580000,44454,已签发,40058818.0,2024-12-17
P0688,住宅,黄埔区,2023-03-27,22110000,38425,已签发,22740891.0,2023-04-16
P0689,住宅,海珠区,2024-08-10,2030000,39047,已签发,2228180.0,2024-11-28
P0690,市政,海珠区,2023-12-10,37490000,12653,已签发,30166702.0,2024-01-06
P0691,仓储,天河区,2023-10-21,44600000,19014,审批中,\N,\N
P0692,仓储,番禺区,2024-07-24,38360000,18463,已签发,53392994.0,2024-09-21
P0693,工业,天河区,2024-10-11,11140000,12358,审批中,\N,\N
P0694,住宅,海珠区,2024-09-02,42500000,15935,审批中,\N,\N
P0695,住宅,白云区,2024-12-04,19630000,16030,已驳回,\N,\N
P0696,商业,海珠区,2023-08-31,12660000,48093,已签发,16317172.0,2023-09-18
P0697,工业,番禺区,2024-07-14,24510000,44873,审批中,\N,\N
P0698,商业,海珠区,2023-02-01,18220000,24126,已过期,\N,\N
P0699,商业,番禺区,2024-01-26,20100000,45266,审批中,\N,\N
P0700,商业,番禺区,2023-10-04,28300000,34979,已签发,34137921.0,2024-01-29
P0701,市政,番禺区,2024-06-15,48540000,3573,审批中,\N,\N
P0702,市政,番禺区,2023-06-03,47960000,10535,审批中,\N,\N
P0703,商业,番禺区,2024-01-18,29210000,23941,审批中,\N,\N
P0704,工业,白云区,2023-03-09,7100000,10892,已签发,6617583.0,2023-04-26
P0705,住宅,天河区,2023-08-02,26850000,47495,已签发,25571694.0,2023-10-28
P0706,工业,黄埔区,2024-10-16,23790000,45741,已驳回,\N,\N
P0707,仓储,天河区,2024-01-11,40040000,34257,已签发,34183734.0,2024-02-17
P0708,市政,番禺区,2023-08-01,25000000,1647,审批中,\N,\N
P0709,住宅,白云区,2023-03-20,11820000,19783,已签发,11378940.0,2023-05-07
P0710,住宅,海珠区,2024-12-26,7490000,22965,已签发,9408915.0,2025-01-29
P0711,仓储,白云区,2024-09-19,20880000,24106,已签发,25754369.0,2024-10-19
P0712,仓储,番禺区,2024-08-26,46970000,19767,已签发,37784318.0,2024-09-14
P0713,商业,白云区,2024-01-16,45500000,14339,已过期,\N,\N
P0714,市政,白云区,2024-11-10,46070000,46725,已驳回,\N,\N
P0715,市政,番禺区,2023-02-27,22290000,38430,审批中,\N,\N
P0716,工业,白云区,2023-01-26,28880000,19720,已签发,38206840.0,2023-03-24
P0717,商业,黄埔区,2024-03-22,9230000,19902,审批中,\N,\N
P0718,商业,黄埔区,2023-03-07,1330000,25766,审批中,\N,\N
P0719,商业,白云区,2023-09-11,14720000,7857,已签发,14454594.0,2023-11-19
P0720,商业,海珠区,2023-02-13,27250000,37888,已签发,33516512.0,2023-06-10
P0721,市政,番禺区,2023-04-07,32300000,30334,审批中,\N,\N
P0722,市政,黄埔区,2024-07-07,43660000,10545,审批中,\N,\N
P0723,商业,海珠区,2023-08-15,40250000,41385,已过期,\N,\N
P0724,工业,白云区,2024-11-09,14410000,27613,已签发,12319001.0,2024-12-01
P0725,住宅,海珠区,2024-03-11,32680000,5408,审批中,\N,\N
P0726,住宅,天河区,2024-08-23,42570000,33655,已签发,34377737.0,2024-09-05
P0727,工业,黄埔区,2024-01-14,6640000,49881,已签发,7879628.0,2024-04-24
P0728,商业,白云区,2023-06-27,30210000,28218,已签发,27482602.0,2023-09-22
P0729,市政,番禺区,2024-03-02,36150000,46191,已签发,33960843.0,2024-05-22
P0730,住宅,白云区,2024-12-09,36260000,8280,已签发,42836809.0,2024-12-27
P0731,仓储,番禺区,2023-11-03,46200000,22102,已签发,64484392.0,2023-12-17
P0732,仓储,白云区,2024-05-18,3200000,9686,审批中,\N,\N
P0733,工业,海珠区,2023-09-25,41160000,39062,审批中,\N,\N
P0734,商业,海珠区,2024-08-08,25180000,21358,已签发,22803381.0,2024-10-14
P0735,住宅,海珠区,2023-01-08,14400000,40660,已驳回,\N,\N
P0736,商业,天河区,2024-05-22,34040000,44056,已签发,36304012.0,2024-09-05
P0737,住宅,番禺区,2024-04-20,41850000,36071,已签发,36921395.0,2024-07-10
P0738,工业,海珠区,2023-10-24,36570000,35408,审批中,\N,\N
P0739,工业,天河区,2023-06-13,26330000,20719,已签发,33956626.0,2023-08-04
P0740,仓储,番禺区,2024-04-29,41230000,31579,已签发,57323875.0,2024-08-11
P0741,商业,白云区,2024-08-19,31250000,28578,已签发,42057694.0,2024-12-04
P0742,仓储,天河区,2023-03-13,39560000,40092,已签发,51866095.0,2023-03-28
P0743,商业,黄埔区,2024-07-20,3390000,14231,已驳回,\N,\N
P0744,仓储,天河区,2024-07-12,25300000,14736,已签发,21825025.0,2024-10-07
P0745,市政,天河区,2023-08-26,33020000,646,已签发,37688695.0,2023-11-10
P0746,市政,番禺区,2023-04-14,3280000,36883,已签发,3669951.0,2023-05-05
P0747,市政,白云区,2023-07-29,29740000,48755,审批中,\N,\N
P0748,市政,黄埔区,2024-07-07,6300000,17818,已签发,6539863.0,2024-07-28
P0749,住宅,海珠区,2024-04-12,3030000,6787,审批中,\N,\N
P0750,市政,海珠区,2024-03-29,43260000,31680,已签发,49384697.0,2024-06-12
P0751,工业,天河区,2023-09-25,48260000,33194,已签发,38668127.0,2023-10-06
P0752,工业,番禺区,2024-01-21,8740000,20727,已签发,8359156.0,2024-02-14
P0753,住宅,番禺区,2024-01-22,38820000,23769,已签发,43127771.0,2024-02-23
P0754,市政,海珠区,2023-09-16,7490000,11351,已签发,9237639.0,2023-10-24
P0755,市政,黄埔区,2023-10-10,14300000,5758,已签发,12934264.0,2024-01-08
P0756,市政,白云区,2024-09-17,39460000,44939,已驳回,\N,\N
P0757,仓储,黄埔区,2023-02-09,17230000,33154,已签发,21170084.0,2023-02-25
P0758,商业,白云区,2024-04-30,27770000,47648,审批中,\N,\N
P0759,仓储,海珠区,2023-08-08,32060000,47527,已签发,26168932.0,2023-09-14
P0760,商业,白云区,2023-05-09,34380000,44037,已签发,36771503.0,2023-06-01
P0761,市政,番禺区,2024-06-03,43570000,35503,已签发,42605662.0,2024-07-26
P0762,市政,天河区,2024-09-04,4330000,34900,已驳回,\N,\N
P0763,仓储,天河区,2024-11-18,3910000,27700,已签发,3420343.0,2025-02-16
P0764,仓储,海珠区,2024-09-10,20370000,2232,已签发,24270561.0,2024-10-21
P0765,商业,番禺区,2024-09-04,41090000,1452,已签发,34171753.0,2025-01-01
P0766,工业,黄埔区,2023-09-17,49890000,5709,已签发,53267665.0,2023-12-05
P0767,商业,番禺区,2024-01-01,31590000,38042,已签发,35772127.0,2024-04-07
P0768,仓储,天河区,2024-06-27,41320000,14100,已签发,40442898.0,2024-07-12
P0769,仓储,天河区,2024-10-10,45650000,14723,已签发,48984521.0,2024-11-15
P0770,住宅,番禺区,2024-06-07,28480000,2081,已签发,25578807.0,2024-09-06
P0771,仓储,番禺区,2023-01-16,32900000,33237,审批中,\N,\N
P0772,住宅,天河区,2023-05-09,20380000,1830,已签发,23898888.0,2023-08-27
P0773,工业,黄埔区,2024-07-28,34640000,20989,已签发,33984612.0,2024-08-30
P0774,商业,海珠区,2023-04-19,18990000,22723,已签发,25443672.0,2023-08-08
P0775,商业,海珠区,2024-06-16,3550000,18158,审批中,\N,\N
P0776,住宅,番禺区,2024-10-31,36630000,46351,已签发,38944628.0,2024-12-19
P0777,商业,海珠区,2023-09-26,27990000,49120,已签发,23042883.0,2023-11-21
P0778,仓储,天河区,2023-06-11,11850000,44052,已签发,13031788.0,2023-09-07
P0779,市政,天河区,2023-09-17,2550000,1895,已签发,3210107.0,2023-12-10
P0780,住宅,番禺区,2023-04-12,46410000,15021,已签发,44522716.0,2023-07-16
P0781,商业,番禺区,2024-05-20,35000000,3462,审批中,\N,\N
P0782,住宅,番禺区,2024-07-24,38610000,1645,已驳回,\N,\N
P0783,住宅,黄埔区,2023-09-04,36720000,16636,审批中,\N,\N
P0784,市政,海珠区,2024-10-01,36490000,10149,已签发,31058865.0,2024-11-23
P0785,仓储,番禺区,2024-06-20,26010000,24163,已签发,34325662.0,2024-09-13
P0786,住宅,白云区,2023-05-11,43580000,30132,已签发,47916727.0,2023-07-16
P0787,商业,白云区,2023-12-19,3590000,7101,已签发,3510741.0,2024-04-13
P0788,工业,天河区,2023-07-15,27580000,33687,已签发,26451094.0,2023-08-21
P0789,住宅,海珠区,2024-10-27,20410000,8797,审批中,\N,\N
P0790,住宅,番禺区,2024-01-17,3210000,7055,已签发,4492169.0,2024-04-06
P0791,市政,白云区,2024-10-06,36920000,18878,已签发,34416692.0,2024-11-07
P0792,仓储,海珠区,2023-08-15,41360000,8463,已签发,35649424.0,2023-11-17
P0793,工业,天河区,2024-12-01,18720000,47488,已签发,21547115.0,2025-01-13
P0794,商业,黄埔区,2024-04-20,33230000,26005,已签发,36324559.0,2024-05-10
P0795,工业,海珠区,2024-04-21,45880000,26343,已驳回,\N,\N
P0796,商业,海珠区,2023-09-22,43990000,12074,已签发,52795093.0,2024-01-15
P0797,仓储,黄埔区,2024-01-07,5700000,27729,审批中,\N,\N
P0798,商业,海珠区,2024-04-30,10260000,21066,审批中,\N,\N
P0799,市政,天河区,2024-03-09,37720000,14279,审批中,\N,\N
P0800,市政,天河区,2024-10-07,36010000,7443,已签发,31597036.0,2024-11-13
P0801,市政,黄埔区,2023-07-30,41550000,30072,已签发,51745508.0,2023-10-29
P0802,市政,番禺区,2024-07-25,28230000,9218,已签发,33476901.0,2024-10-20
P0803,工业,白云区,2024-01-12,26020000,49700,审批中,\N,\N
P0804,仓储,番禺区,2024-01-30,28820000,12300,已签发,33803301.0,2024-05-10
P0805,商业,海珠区,2024-03-25,39570000,49659,已驳回,\N,\N
P0806,商业,白云区,2023-12-30,2020000,20000,已签发,2155145.0,2024-01-16
P0807,市政,黄埔区,2024-04-01,30140000,27110,已签发,40376976.0,2024-07-25
P0808,市政,黄埔区,2024-12-25,29660000,29637,已签发,26104375.0,2025-04-22
P0809,住宅,白云区,2024-12-28,28500000,37788,已签发,29412509.0,2025-02-28
P0810,仓储,天河区,2023-08-14,18020000,11201,已签发,23294191.0,2023-11-03
P0811,工业,白云区,2023-05-11,26600000,46875,审批中,\N,\N
P0812,商业,海珠区,2024-08-10,39250000,20142,审批中,\N,\N
P0813,住宅,天河区,2024-04-20,11540000,21062,已驳回,\N,\N
P0814,住宅,黄埔区,2023-10-04,25860000,11869,已驳回,\N,\N
P0815,商业,白云区,2023-06-05,42490000,16116,已驳回,\N,\N
P0816,工业,番禺区,2023-08-06,39040000,11078,已签发,51334635.0,2023-10-03
P0817,住宅,番禺区,2023-07-09,35440000,3185,审批中,\N,\N
P0818,住宅,海珠区,2024-02-21,19640000,32569,已签发,20858754.0,2024-03-31
P0819,仓储,番禺区,2024-11-05,31220000,8312,已签发,33667656.0,2025-01-25
P0820,工业,白云区,2024-11-22,10560000,41435,审批中,\N,\N
P0821,住宅,白云区,2024-06-29,4560000,19131,已签发,5297514.0,2024-09-09
P0822,工业,番禺区,2023-02-10,2160000,27540,已签发,2575869.0,2023-04-07
P0823,商业,白云区,2023-11-03,5580000,536,已签发,7805973.0,2023-12-08
P0824,市政,海珠区,2023-12-04,17110000,43133,已签发,14457539.0,2024-02-08
P0825,住宅,天河区,2023-11-10,37140000,19563,已驳回,\N,\N
P0826,仓储,海珠区,2023-03-16,35390000,45736,已签发,36973262.0,2023-07-01
P0827,商业,海珠区,2023-10-06,49080000,4168,已签发,49505496.0,2023-10-22
P0828,工业,白云区,2023-06-25,7300000,33878,已签发,5934807.0,2023-08-13
P0829,商业,天河区,2024-10-23,25740000,48600,已签发,22009413.0,2025-02-01
P0830,住宅,白云区,2023-09-30,21700000,16479,已驳回,\N,\N
P0831,工业,黄埔区,2024-09-11,47270000,3329,已签发,62755400.0,2024-11-21
P0832,市政,白云区,2024-10-12,44070000,38415,已签发,48853190.0,2025-02-01
P0833,商业,白云区,2023-10-16,14130000,39097,审批中,\N,\N
P0834,住宅,白云区,2024-12-24,13810000,6050,已驳回,\N,\N
P0835,仓储,天河区,2023-09-29,23420000,20788,审批中,\N,\N
P0836,工业,白云区,2023-03-07,15880000,40414,已驳回,\N,\N
P0837,商业,天河区,2024-04-27,34580000,12149,已签发,39871411.0,2024-05-10
P0838,商业,番禺区,2023-09-05,6100000,8719,已签发,5658351.0,2023-12-29
P0839,市政,黄埔区,2023-06-05,11490000,26575,已签发,9860843.0,2023-09-04
P0840,市政,天河区,2023-02-16,19530000,33282,已驳回,\N,\N
P0841,仓储,番禺区,2024-03-29,2240000,11937,已签发,2588583.0,2024-05-02
P0842,仓储,天河区,2023-07-20,22060000,1334,已签发,28568167.0,2023-08-05
P0843,住宅,天河区,2024-10-21,22800000,11138,已签发,29981960.0,2025-02-09
P0844,住宅,黄埔区,2023-05-04,43370000,24686,已签发,46760373.0,2023-06-10
P0845,仓储,海珠区,2023-01-01,42100000,48556,已签发,53490693.0,2023-03-20
P0846,仓储,海珠区,2024-10-01,39700000,26296,已过期,\N,\N
P0847,工业,天河区,2023-07-10,15470000,41315,已签发,14930128.0,2023-11-04
P0848,市政,白云区,2024-08-01,39040000,5792,审批中,\N,\N
P0849,住宅,番禺区,2024-05-30,32210000,18308,审批中,\N,\N
P0850,市政,白云区,2024-03-17,16170000,17470,已签发,16217516.0,2024-04-15
P0851,市政,白云区,2023-05-23,12010000,27849,已签发,16193392.0,2023-08-23
P0852,仓储,天河区,2023-07-10,4180000,11197,已签发,5804460.0,2023-07-30
P0853,工业,天河区,2024-06-16,49960000,33689,已签发,59806438.0,2024-10-07
P0854,商业,天河区,2023-08-15,920000,9304,审批中,\N,\N
P0855,工业,天河区,2023-11-09,19570000,1070,已签发,24457164.0,2024-02-13
P0856,工业,海珠区,2024-09-20,35400000,28884,已签发,43178107.0,2024-10-06
P0857,市政,天河区,2023-10-29,25850000,39719,已签发,25440500.0,2023-11-30
P0858,工业,海珠区,2024-10-15,42230000,49849,已驳回,\N,\N
P0859,住宅,海珠区,2024-04-04,29230000,34724,已驳回,\N,\N
P0860,市政,天河区,2024-02-05,18740000,31157,已驳回,\N,\N
P0861,住宅,黄埔区,2024-07-04,13430000,34085,审批中,\N,\N
P0862,商业,番禺区,2024-01-28,48190000,44569,已签发,38896596.0,2024-05-22
P0863,市政,白云区,2023-07-26,48460000,35796,审批中,\N,\N
P0864,商业,海珠区,2023-07-29,49040000,30066,已签发,60291813.0,2023-10-04
P0865,市政,番禺区,2023-04-25,34360000,30876,审批中,\N,\N
P0866,仓储,黄埔区,2024-10-07,30220000,47964,审批中,\N,\N
P0867,工业,白云区,2023-09-08,39720000,14078,已签发,43548511.0,2023-12-08
P0868,仓储,白云区,2023-08-07,10420000,39960,审批中,\N,\N
P0869,商业,海珠区,2024-02-11,24360000,27759,已驳回,\N,\N
P0870,工业,天河区,2024-03-18,22900000,46746,已签发,25204292.0,2024-05-11
P0871,市政,黄埔区,2024-08-25,15260000,6971,已驳回,\N,\N
P0872,工业,海珠区,2023-12-20,34570000,16726,已签发,30502365.0,2024-01-23
P0873,住宅,黄埔区,2024-07-11,4390000,30096,已签发,5981800.0,2024-10-06
P0874,工业,天河区,2024-07-03,10490000,32123,已签发,10607045.0,2024-10-28
P0875,住宅,天河区,2023-05-22,46700000,36403,已签发,49861102.0,2023-06-25
P0876,工业,海珠区,2024-09-03,19050000,39590,已驳回,\N,\N
P0877,住宅,天河区,2024-05-15,7080000,13052,已驳回,\N,\N
P0878,商业,番禺区,2024-12-02,28130000,47774,审批中,\N,\N
P0879,仓储,白云区,2024-06-30,37130000,43591,已签发,43762518.0,2024-09-27
P0880,市政,海珠区,2024-10-20,15310000,2048,已驳回,\N,\N
P0881,工业,黄埔区,2024-06-25,37810000,31227,已签发,46598369.0,2024-10-16
P0882,仓储,番禺区,2024-05-21,5010000,35664,已驳回,\N,\N
P0883,市政,海珠区,2024-08-18,25250000,34685,已签发,29377169.0,2024-10-29
P0884,市政,天河区,2023-10-08,32720000,19656,已签发,38581071.0,2023-12-24
P0885,住宅,天河区,2024-02-28,15870000,9459,审批中,\N,\N
P0886,商业,天河区,2023-09-27,31430000,35754,已签发,36129421.0,2023-11-03
P0887,商业,天河区,2023-06-03,9320000,47122,已签发,11279743.0,2023-09-05
P0888,仓储,黄埔区,2024-09-05,44580000,13609,已签发,55808422.0,2024-12-01
P0889,商业,番禺区,2024-12-27,41180000,3991,已签发,50917893.0,2025-02-07
P0890,工业,白云区,2024-10-23,49850000,26064,已签发,65890228.0,2024-11-11
P0891,商业,黄埔区,2023-03-24,26160000,36839,已签发,23901504.0,2023-06-24
P0892,仓储,黄埔区,2024-09-13,33270000,34774,已签发,34623715.0,2024-10-22
P0893,商业,白云区,2024-03-01,4240000,18088,已签发,5803193.0,2024-04-01
P0894,工业,白云区,2023-10-02,45960000,19892,审批中,\N,\N
P0895,住宅,天河区,2024-12-13,37470000,23701,已签发,32783329.0,2025-04-02
P0896,仓储,黄埔区,2023-10-11,31120000,13504,已驳回,\N,\N
P0897,住宅,海珠区,2023-06-22,47400000,27727,已驳回,\N,\N
P0898,住宅,白云区,2023-11-23,33000000,18274,已签发,30416494.0,2024-02-15
P0899,住宅,白云区,2024-12-18,46450000,15749,审批中,\N,\N
P0900,市政,番禺区,2023-03-04,46090000,30163,已驳回,\N,\N
P0901,市政,海珠区,2023-03-14,1620000,26120,已过期,\N,\N
P0902,住宅,海珠区,2024-09-27,32470000,31026,已签发,45356205.0,2024-11-29
P0903,仓储,白云区,2024-01-10,24280000,36271,已签发,33504830.0,2024-01-25
P0904,工业,天河区,2024-09-24,19740000,16261,审批中,\N,\N
P0905,工业,番禺区,2024-05-22,1890000,29010,审批中,\N,\N
P0906,商业,海珠区,2024-02-02,14740000,48166,审批中,\N,\N
P0907,仓储,白云区,2023-04-30,29990000,23000,已签发,36868879.0,2023-08-10
P0908,市政,海珠区,2024-03-12,32180000,43623,已驳回,\N,\N
P0909,住宅,番禺区,2024-11-06,5660000,41892,已过期,\N,\N
P0910,商业,番禺区,2024-04-09,26660000,10140,已签发,32355916.0,2024-06-30
P0911,工业,黄埔区,2023-10-13,9370000,4124,已签发,9091512.0,2023-10-24
P0912,市政,白云区,2023-09-22,31540000,28254,已签发,38362666.0,2024-01-02
P0913,市政,番禺区,2023-11-16,990000,9983,已驳回,\N,\N
P0914,住宅,黄埔区,2024-11-03,40010000,37453,审批中,\N,\N
P0915,工业,黄埔区,2024-01-11,36100000,45597,审批中,\N,\N
P0916,仓储,海珠区,2023-03-30,680000,13433,已签发,575583.0,2023-07-25
P0917,市政,海珠区,2024-10-15,48710000,45869,已签发,53956126.0,2024-12-18
P0918,住宅,黄埔区,2023-07-22,15230000,24684,已签发,15321084.0,2023-10-11
P0919,仓储,海珠区,2023-11-30,41110000,25268,已签发,40992523.0,2024-03-19
P0920,工业,番禺区,2023-08-10,26560000,391,审批中,\N,\N
P0921,市政,天河区,2023-02-10,5010000,25274,已过期,\N,\N
P0922,仓储,番禺区,2024-12-08,38150000,5117,已驳回,\N,\N
P0923,仓储,黄埔区,2023-03-09,24880000,38799,已驳回,\N,\N
P0924,仓储,黄埔区,2024-05-28,43600000,26032,已签发,52155756.0,2024-09-18
P0925,市政,番禺区,2024-09-28,15990000,43128,已签发,20555414.0,2025-01-24
P0926,市政,海珠区,2024-09-13,35240000,20906,审批中,\N,\N
P0927,商业,海珠区,2024-08-20,1770000,13882,已驳回,\N,\N
P0928,工业,黄埔区,2024-09-23,49050000,26962,已签发,67207535.0,2024-10-29
P0929,住宅,白云区,2023-05-07,28110000,23583,已签发,27546762.0,2023-05-17
P0930,仓储,海珠区,2023-09-12,45060000,27996,已签发,36566223.0,2024-01-06
P0931,商业,番禺区,2024-11-25,47140000,23866,审批中,\N,\N
P0932,住宅,海珠区,2023-01-16,14650000,25862,已签发,12010174.0,2023-03-06
P0933,商业,番禺区,2024-04-21,2510000,45359,已签发,3444628.0,2024-06-01
P0934,市政,黄埔区,2023-03-03,24190000,34842,已签发,22398750.0,2023-05-20
P0935,仓储,海珠区,2024-03-07,5670000,42030,已签发,7219929.0,2024-04-02
P0936,住宅,番禺区,2024-10-31,13910000,37731,已驳回,\N,\N
P0937,住宅,黄埔区,2023-09-25,48260000,10434,已签发,44912558.0,2023-11-30
P0938,住宅,白云区,2023-02-04,20380000,9421,审批中,\N,\N
P0939,住宅,番禺区,2024-07-29,35950000,11610,审批中,\N,\N
P0940,住宅,白云区,2024-05-08,45700000,14719,已驳回,\N,\N
P0941,商业,白云区,2024-07-15,38520000,1251,已签发,31154524.0,2024-10-19
P0942,仓储,天河区,2024-04-13,33250000,45193,已过期,\N,\N
P0943,市政,海珠区,2024-10-22,37040000,9965,已签发,51324535.0,2025-01-10
P0944,市政,番禺区,2023-11-21,24840000,11582,已过期,\N,\N
P0945,市政,白云区,2023-10-31,49230000,12780,已驳回,\N,\N
P0946,市政,天河区,2023-10-03,2570000,32523,已签发,3218236.0,2023-12-05
P0947,商业,黄埔区,2024-11-14,26830000,44957,已签发,25542901.0,2025-02-15
P0948,工业,番禺区,2023-07-20,41670000,12139,已签发,55714704.0,2023-08-23
P0949,仓储,白云区,2024-03-20,2030000,30164,已签发,2323045.0,2024-06-04
P0950,住宅,海珠区,2023-11-20,34160000,507,已签发,34517538.0,2024-01-30
P0951,工业,天河区,2023-02-04,43640000,3559,已签发,56715253.0,2023-04-09
P0952,市政,白云区,2024-04-26,48140000,29848,已签发,52763559.0,2024-06-20
P0953,工业,海珠区,2024-12-28,15680000,36144,已签发,21120642.0,2025-01-30
P0954,仓储,白云区,2024-04-24,26500000,34219,已签发,35955426.0,2024-08-09
P0955,住宅,番禺区,2023-03-06,22450000,38334,已签发,20188209.0,2023-04-30
P0956,住宅,番禺区,2023-01-08,45480000,27523,已签发,36447401.0,2023-02-08
P0957,仓储,番禺区,2023-10-28,47410000,6426,已签发,65916899.0,2023-11-17
P0958,仓储,天河区,2023-12-09,36040000,21889,已签发,48426318.0,2024-02-04
P0959,市政,番禺区,2024-03-06,24640000,31171,已签发,20531702.0,2024-03-23
P0960,住宅,海珠区,2024-02-28,28990000,26154,已驳回,\N,\N
P0961,工业,白云区,2023-11-28,17920000,24623,已签发,19258318.0,2024-03-23
P0962,商业,黄埔区,2024-03-13,13560000,30591,已签发,12954911.0,2024-04-26
P0963,商业,海珠区,2024-08-10,38990000,14530,已签发,51749396.0,2024-10-07
P0964,仓储,海珠区,2023-06-23,42180000,5091,已驳回,\N,\N
P0965,市政,番禺区,2024-07-12,46260000,5192,已驳回,\N,\N
P0966,商业,天河区,2024-06-10,47050000,2161,已驳回,\N,\N
P0967,住宅,白云区,2024-10-20,48900000,12697,审批中,\N,\N
P0968,仓储,天河区,2023-01-26,42450000,32751,已签发,39642008.0,2023-03-13
P0969,工业,白云区,2024-08-27,26050000,11048,已签发,29368801.0,2024-12-05
P0970,仓储,白云区,2024-02-10,23550000,13455,已签发,28504568.0,2024-05-21
P0971,工业,天河区,2023-08-20,45580000,4767,已驳回,\N,\N
P0972,仓储,海珠区,2024-06-16,11380000,49047,审批中,\N,\N
P0973,仓储,白云区,2024-07-03,26920000,39481,审批中,\N,\N
P0974,仓储,天河区,2024-05-19,12270000,48203,已签发,10338977.0,2024-08-15
P0975,工业,白云区,2024-10-30,49660000,20589,已驳回,\N,\N
P0976,工业,黄埔区,2023-06-28,48070000,44723,已签发,48137751.0,2023-07-24
P0977,仓储,海珠区,2023-05-12,30440000,44119,已签发,34846169.0,2023-06-23
P0978,商业,番禺区,2024-03-30,6090000,16767,已签发,6753021.0,2024-05-25
P0979,市政,白云区,2023-12-14,30140000,3558,已签发,33393802.0,2024-04-11
P0980,市政,黄埔区,2024-06-23,13210000,23199,已签发,11417844.0,2024-08-23
P0981,市政,番禺区,2024-02-10,18630000,42558,已驳回,\N,\N
P0982,工业,番禺区,2023-03-17,29650000,11188,已签发,31767604.0,2023-06-27
P0983,工业,白云区,2024-08-01,6590000,40646,已签发,8172823.0,2024-08-19
P0984,商业,天河区,2024-05-06,25110000,31721,已签发,32743723.0,2024-06-17
P0985,市政,白云区,2023-07-13,41700000,5898,已签发,46995456.0,2023-09-20
P0986,市政,黄埔区,2023-06-11,3330000,1473,已驳回,\N,\N
P0987,仓储,番禺区,2023-12-13,29780000,27743,审批中,\N,\N
P0988,工业,白云区,2023-12-27,44460000,31549,审批中,\N,\N
P0989,市政,天河区,2024-08-06,11410000,11441,已驳回,\N,\N
P0990,商业,白云区,2023-03-28,8660000,9697,审批中,\N,\N
P0991,商业,海珠区,2023-09-19,1320000,42075,已签发,1237679.0,2023-12-06
P0992,市政,天河区,2023-08-02,19700000,32903,审批中,\N,\N
P0993,工业,黄埔区,2024-10-26,35410000,44241,已签发,29490011.0,2024-11-10
P0994,商业,番禺区,2024-12-22,31940000,32154,已签发,25890628.0,2025-01-13
P0995,仓储,白云区,2024-07-26,21430000,8202,已签发,18465394.0,2024-10-08
P0996,商业,天河区,2023-09-19,47630000,4447,审批中,\N,\N
P0997,住宅,海珠区,2024-12-30,2250000,42188,审批中,\N,\N
P0998,住宅,天河区,2023-10-10,27540000,21898,已签发,30467836.0,2023-12-04
P0999,工业,海珠区,2024-10-09,49870000,19938,审批中,\N,\N
P1000,市政,黄埔区,2024-04-11,4190000,10903,已驳回,\N,\N
